Название в ЕАИС,pr_week - 8,pr_week - 7,pr_week - 6,pr_week - 5,pr_week - 4,pr_week - 3,pr_week - 2,pr_week - 1,pr_week
Движение вверх,1.0,1.0,1.0,1.0,2.0,1.0,3.0,17.0,100.0
Бегущий в лабиринте: Лекарство от смерти,2.0,1.0,3.0,5.0,2.0,11.0,11.0,17.0,74.0
Селфи,29.0,32.0,32.0,36.0,32.0,28.0,40.0,88.0,100.0
Пятьдесят оттенков свободы,3.0,4.0,6.0,8.0,8.0,11.0,17.0,84.0,100.0
Лёд,13.0,13.0,12.0,11.0,13.0,11.0,16.0,41.0,52.0
Чёрная пантера,3.0,3.0,3.0,4.0,5.0,6.0,5.0,15.0,18.0
Я худею,3.0,3.0,6.0,8.0,6.0,6.0,62.0,81.0,76.0
Tomb Raider: Лара Крофт,0.0,2.0,6.0,4.0,6.0,0.0,15.0,2.0,19.0
Тихоокеанский рубеж 2,5.0,6.0,7.0,10.0,10.0,16.0,21.0,84.0,100.0
Первому игроку приготовиться,2.0,4.0,2.0,3.0,2.0,4.0,5.0,6.0,22.0
Гоголь. Вий,59.0,25.0,25.0,21.0,19.0,23.0,8.0,8.0,16.0
Рэмпейдж,4.0,4.0,6.0,5.0,4.0,7.0,12.0,70.0,100.0
Тренер,26.0,17.0,21.0,20.0,20.0,25.0,30.0,60.0,73.0
Мстители: Война бесконечности,4.0,7.0,7.0,6.0,5.0,6.0,8.0,31.0,92.0
Дэдпул 2,4.0,7.0,6.0,5.0,6.0,8.0,8.0,12.0,18.0
Мир Юрского периода 2,3.0,2.0,5.0,6.0,5.0,6.0,8.0,14.0,29.0
Суперсемейка 2 / Бао,4.0,2.0,3.0,4.0,4.0,5.0,10.0,25.0,81.0
Человек-муравей и Оса,3.0,8.0,5.0,4.0,6.0,8.0,10.0,14.0,72.0
Монстры на каникулах 3: Море зовёт,0.0,2.0,0.0,0.0,0.0,2.0,5.0,4.0,4.0
Миссия невыполнима: Последствия,4.0,3.0,3.0,2.0,0.0,6.0,7.0,6.0,13.0
Мег: Монстр глубины,1.0,2.0,2.0,2.0,3.0,7.0,16.0,70.0,100.0
Альфа,63.0,63.0,66.0,69.0,66.0,68.0,66.0,73.0,100.0
Гоголь. Страшная месть,5.0,0.0,5.0,3.0,2.0,75.0,87.0,100.0,75.0
Великий уравнитель 2,9.0,11.0,10.0,10.0,6.0,5.0,6.0,11.0,37.0
Хищник,10.0,10.0,11.0,13.0,11.0,13.0,20.0,27.0,94.0
Проклятие монахини,2.0,2.0,2.0,4.0,9.0,8.0,8.0,14.0,34.0
Непрощенный,1.0,3.0,2.0,2.0,1.0,3.0,3.0,6.0,18.0
Веном,6.0,6.0,7.0,8.0,11.0,16.0,23.0,95.0,100.0
Смолфут,4.0,3.0,2.0,2.0,2.0,2.0,2.0,3.0,13.0
Богемская рапсодия,1.0,1.0,1.0,1.0,2.0,3.0,5.0,12.0,51.0
Фантастические твари: Преступления Грин-де-Вальда,1.0,5.0,2.0,2.0,2.0,5.0,7.0,10.0,70.0
Ральф против интернета,7.0,9.0,8.0,6.0,8.0,8.0,15.0,15.0,19.0
Хроники хищных городов,3.0,3.0,5.0,12.0,11.0,17.0,20.0,94.0,100.0
Аквамен,8.0,6.0,7.0,7.0,9.0,9.0,12.0,12.0,19.0
Полицейский с рублевки. Новогодний беспредел,0.0,4.0,0.0,0.0,0.0,8.0,17.0,62.0,27.0
Т-34,5.0,6.0,6.0,6.0,9.0,16.0,100.0,88.0,71.0
Стекло,41.0,40.0,42.0,43.0,45.0,47.0,48.0,54.0,96.0
Бабушка лёгкого поведения 2,1.0,1.0,2.0,4.0,4.0,8.0,33.0,68.0,100.0
ЛЕГО Фильм-2,0.0,0.0,0.0,0.0,0.0,0.0,0.0,98.0,49.0
Алита: Боевой ангел,3.0,3.0,8.0,9.0,12.0,20.0,20.0,36.0,100.0
Как приручить дракона 3,4.0,4.0,6.0,5.0,5.0,5.0,5.0,9.0,10.0
Капитан Марвел,3.0,4.0,2.0,3.0,6.0,5.0,10.0,16.0,100.0
Балканский рубеж,1.0,1.0,2.0,4.0,10.0,12.0,24.0,66.0,100.0
Дамбо,3.0,5.0,7.0,7.0,7.0,8.0,7.0,10.0,19.0
Шазам!,6.0,5.0,6.0,5.0,9.0,10.0,12.0,18.0,91.0
Хеллбой,6.0,9.0,10.0,7.0,6.0,17.0,14.0,69.0,100.0
Миллиард,2.0,3.0,5.0,4.0,4.0,5.0,8.0,22.0,32.0
Мстители: Финал,2.0,4.0,3.0,4.0,6.0,6.0,10.0,37.0,100.0
Покемон. Детектив Пикачу,2.0,0.0,2.0,4.0,2.0,4.0,0.0,16.0,27.0
Аладдин,11.0,9.0,8.0,10.0,9.0,8.0,10.0,11.0,15.0
Тайная жизнь домашних животных 2,3.0,5.0,10.0,9.0,14.0,11.0,17.0,30.0,95.0
Люди Икс: Темный феникс,8.0,11.0,9.0,10.0,9.0,12.0,16.0,100.0,86.0
Люди в черном: Интернэшнл,5.0,4.0,4.0,1.0,1.0,9.0,17.0,100.0,95.0
История игрушек 4,3.0,5.0,4.0,2.0,4.0,8.0,9.0,22.0,79.0
Проклятие Аннабель-3,0.0,0.0,0.0,0.0,0.0,0.0,0.0,0.0,95.0
Человек-Паук: Вдали от дома,36.0,21.0,14.0,16.0,22.0,16.0,19.0,41.0,100.0
Король Лев,6.0,6.0,8.0,7.0,8.0,9.0,14.0,20.0,86.0
Форсаж: Хоббс и Шоу,3.0,3.0,3.0,3.0,3.0,5.0,7.0,7.0,8.0
Однажды... в Голливуде,0.0,14.0,0.0,0.0,0.0,0.0,0.0,27.0,14.0
Angry Birds 2 в кино,4.0,4.0,8.0,4.0,0.0,16.0,10.0,18.0,47.0
Я иду искать,0.0,0.0,1.0,1.0,34.0,32.0,18.0,13.0,10.0
Оно-2,0.0,0.0,0.0,0.0,0.0,0.0,0.0,0.0,59.0
Тайна Печати Дракона,2.0,5.0,7.0,4.0,4.0,5.0,3.0,4.0,8.0
К звездам,4.0,4.0,4.0,5.0,5.0,4.0,4.0,10.0,12.0
Джокер,3.0,3.0,3.0,3.0,3.0,3.0,3.0,5.0,6.0
Малефисента: Владычица тьмы,2.0,3.0,8.0,16.0,20.0,15.0,12.0,48.0,100.0
Семейка Аддамс,4.0,3.0,3.0,4.0,6.0,5.0,5.0,8.0,15.0
Ford против Ferrari,0.0,1.0,2.0,0.0,0.0,0.0,0.0,0.0,0.0
Холодное сердце II,0.0,0.0,0.0,0.0,0.0,0.0,0.0,0.0,0.0
Полицейский с Рублевки. Новогодний Беспредел 2,0.0,0.0,0.0,0.0,4.0,0.0,0.0,51.0,69.0
Звёздные Войны: Скайуокер. Восход,5.0,2.0,3.0,6.0,9.0,15.0,19.0,89.0,100.0
Холоп,2.0,3.0,2.0,4.0,2.0,3.0,3.0,3.0,4.0
Джуманджи: Зов джунглей,18.0,10.0,11.0,12.0,12.0,9.0,16.0,12.0,25.0
Астрал 4: Последний ключ,nan,nan,nan,nan,nan,nan,nan,nan,0.0
Женщины против мужчин: Крымские каникулы,2.0,3.0,2.0,1.0,2.0,19.0,27.0,59.0,84.0
О чем говорят мужчины. Продолжение,0.0,0.0,0.0,9.0,0.0,9.0,82.0,100.0,100.0
Излом времени,1.0,1.0,2.0,2.0,2.0,3.0,1.0,10.0,100.0
Кролик Питер,0.0,1.0,0.0,1.0,1.0,0.0,0.0,0.0,1.0
Тихое место,1.0,1.0,1.0,2.0,9.0,4.0,3.0,3.0,5.0
"Анимационный фильм ""Смешарики. Дежавю""",3.0,2.0,6.0,8.0,6.0,15.0,26.0,70.0,100.0
СОБИБОР (SOBIBOR),0.0,1.0,1.0,1.0,4.0,3.0,31.0,63.0,100.0
Такси 5,7.0,5.0,10.0,9.0,7.0,14.0,15.0,20.0,28.0
Хан Соло: Звёздные войны. Истории,0.0,0.0,4.0,4.0,0.0,0.0,4.0,4.0,0.0
Красный воробей,1.0,4.0,6.0,5.0,3.0,3.0,4.0,8.0,21.0
Красотка на всю голову,15.0,12.0,8.0,7.0,6.0,13.0,9.0,9.0,11.0
8 подруг Оушена,4.0,4.0,3.0,4.0,4.0,6.0,8.0,13.0,40.0
Небоскреб,5.0,8.0,8.0,11.0,13.0,14.0,19.0,65.0,100.0
Кристофер Робин,4.0,4.0,3.0,3.0,4.0,10.0,13.0,68.0,100.0
"Шпион, который меня кинул",6.0,3.0,1.0,1.0,3.0,0.0,0.0,3.0,7.0
MAMMA MIA! 2,0.0,0.0,3.0,9.0,3.0,3.0,13.0,13.0,23.0
Агент Джонни Инглиш 3.0,0.0,1.0,3.0,0.0,4.0,4.0,3.0,5.0,65.0
"Ничего хорошего в отеле ""Эль Рояль""",0.0,0.0,1.0,1.0,0.0,1.0,1.0,1.0,3.0
Хэллоуин,1.0,1.0,1.0,1.0,1.0,1.0,1.0,1.0,1.0
Несокрушимый,23.0,22.0,41.0,32.0,40.0,39.0,65.0,30.0,17.0
"Девушка, которая застряла в паутине",1.0,3.0,3.0,10.0,6.0,3.0,0.0,6.0,3.0
Робин Гуд: Начало,8.0,9.0,10.0,10.0,18.0,17.0,14.0,19.0,97.0
Щелкунчик и четыре королевства,2.0,1.0,1.0,2.0,1.0,1.0,2.0,5.0,10.0
Бамблби,5.0,4.0,5.0,7.0,8.0,10.0,15.0,20.0,71.0
Ёлки Последние,0.0,0.0,1.0,1.0,3.0,4.0,5.0,32.0,100.0
Зеленая книга,0.0,0.0,0.0,0.0,0.0,0.0,0.0,0.0,0.0
Клаустрофобы,4.0,6.0,5.0,3.0,3.0,3.0,3.0,5.0,5.0
Громкая связь,2.0,3.0,4.0,5.0,7.0,10.0,12.0,74.0,100.0
Любовницы 16+ и 18+,72.0,65.0,52.0,56.0,55.0,56.0,50.0,57.0,66.0
Трезвый водитель,7.0,7.0,8.0,9.0,13.0,62.0,100.0,41.0,29.0
Мы,84.0,84.0,89.0,90.0,88.0,85.0,87.0,84.0,81.0
Кладбище домашних животных,3.0,3.0,11.0,11.0,7.0,6.0,8.0,6.0,11.0
После,75.0,74.0,70.0,73.0,77.0,77.0,75.0,78.0,87.0
В метре друг от друга,2.0,3.0,3.0,3.0,4.0,3.0,7.0,9.0,9.0
Отпетые мошенницы,9.0,7.0,5.0,6.0,9.0,11.0,22.0,66.0,100.0
Джон Уик 3,8.0,7.0,6.0,7.0,7.0,11.0,17.0,81.0,100.0
Анна,52.0,51.0,49.0,48.0,47.0,47.0,47.0,46.0,51.0
Одесса,90.0,92.0,98.0,96.0,89.0,86.0,75.0,81.0,74.0
Стриптизёрши,1.0,2.0,2.0,1.0,2.0,1.0,2.0,1.0,53.0
Герой,20.0,23.0,22.0,19.0,21.0,24.0,27.0,38.0,46.0
Эверест,5.0,6.0,7.0,8.0,7.0,6.0,5.0,13.0,7.0
Zомбилэнд: Контрольный выстрел,2.0,0.0,0.0,0.0,0.0,7.0,5.0,9.0,62.0
Терминатор: Темные судьбы,7.0,3.0,3.0,4.0,6.0,9.0,14.0,28.0,99.0
Доктор Сон,5.0,2.0,1.0,2.0,3.0,4.0,5.0,15.0,80.0
Аванпост,13.0,10.0,10.0,10.0,13.0,13.0,14.0,60.0,100.0
Достать ножи,0.0,0.0,2.0,3.0,1.0,0.0,1.0,1.0,1.0
Джуманджи: Новый уровень,3.0,2.0,5.0,14.0,5.0,11.0,16.0,41.0,94.0
Союз спасения,nan,nan,nan,nan,nan,nan,nan,nan,0.0
Три богатыря и принцесса Египта,0.0,0.0,0.0,0.0,0.0,0.0,0.0,0.0,0.0
Величайший шоумен,0.0,1.0,2.0,1.0,2.0,2.0,2.0,4.0,10.0
Приключения Паддингтона 2,0.0,1.0,0.0,2.0,2.0,1.0,4.0,2.0,2.0
ЗОМБОЯЩИК (ZОМБОЯЩИК),nan,nan,nan,nan,nan,nan,nan,nan,0.0
Довлатов,5.0,2.0,5.0,4.0,5.0,9.0,6.0,17.0,18.0
Шерлок Гномс,3.0,1.0,1.0,0.0,3.0,3.0,23.0,82.0,100.0
Правда или действие,6.0,6.0,19.0,13.0,10.0,15.0,14.0,21.0,22.0
Черновик,13.0,13.0,11.0,9.0,13.0,26.0,61.0,100.0,65.0
Лето (Leto),0.0,28.0,19.0,28.0,19.0,18.0,9.0,28.0,19.0
Ты водишь!,1.0,1.0,1.0,1.0,4.0,8.0,6.0,6.0,7.0
Слендермен,9.0,8.0,10.0,8.0,9.0,14.0,20.0,24.0,72.0
Принцесса и дракон,2.0,1.0,4.0,2.0,3.0,12.0,87.0,100.0,61.0
Темные отражения,1.0,4.0,13.0,6.0,4.0,5.0,3.0,10.0,9.0
Счастья! Здоровья!,8.0,11.0,10.0,9.0,8.0,9.0,17.0,89.0,98.0
Тайна дома с часами,5.0,3.0,2.0,4.0,4.0,5.0,4.0,13.0,90.0
Звезда родилась,0.0,0.0,1.0,0.0,1.0,1.0,0.0,1.0,2.0
Без меня,21.0,17.0,16.0,16.0,17.0,15.0,22.0,19.0,18.0
Ужастики 2: Беспокойный Хэллоуин,26.0,0.0,13.0,0.0,0.0,0.0,0.0,0.0,0.0
Оверлорд,18.0,18.0,17.0,18.0,24.0,17.0,19.0,16.0,20.0
Человек-паук: Через вселенные,2.0,0.0,2.0,5.0,2.0,3.0,9.0,16.0,40.0
Гринч,2.0,2.0,1.0,1.0,2.0,2.0,3.0,2.0,4.0
Крид-2,0.0,0.0,100.0,0.0,49.0,0.0,0.0,0.0,0.0
Спасти Ленинград,0.0,0.0,2.0,2.0,7.0,22.0,100.0,64.0,46.0
Как я стал русским,3.0,1.0,3.0,2.0,2.0,2.0,2.0,2.0,7.0
Семь ужинов,0.0,1.0,2.0,3.0,4.0,5.0,14.0,89.0,100.0
Счастливого нового дня смерти,2.0,2.0,2.0,2.0,3.0,4.0,7.0,13.0,19.0
Пиковая дама. Зазеркалье,0.0,3.0,1.0,0.0,5.0,0.0,3.0,0.0,2.0
Волшебный парк Джун,1.0,0.0,0.0,0.0,1.0,1.0,3.0,6.0,48.0
Проклятие плачущей,1.0,0.0,1.0,6.0,1.0,1.0,1.0,2.0,1.0
Большое путешествие,2.0,4.0,5.0,4.0,3.0,6.0,3.0,4.0,5.0
Годзилла 2: Король монстров,0.0,2.0,3.0,4.0,5.0,5.0,8.0,58.0,100.0
Собачья жизнь 2,6.0,8.0,7.0,4.0,5.0,5.0,2.0,5.0,4.0
"Али, рули!",0.0,0.0,0.0,0.0,0.0,0.0,0.0,0.0,0.0
Видок: Охотник на призраков,0.0,0.0,0.0,0.0,0.0,0.0,0.0,0.0,0.0
Руслан и Людмила: Перезагрузка,0.0,0.0,0.0,0.0,0.0,0.0,0.0,0.0,0.0
Капкан,5.0,7.0,6.0,7.0,6.0,6.0,6.0,7.0,10.0
Королевские каникулы,0.0,0.0,0.0,0.0,0.0,0.0,0.0,0.0,1.0
Щегол,15.0,9.0,9.0,8.0,5.0,11.0,20.0,80.0,100.0
Гемини,5.0,6.0,6.0,3.0,7.0,7.0,11.0,12.0,23.0
Ангелы Чарли,8.0,7.0,8.0,8.0,9.0,10.0,20.0,65.0,100.0
Давай разведемся!,6.0,3.0,6.0,6.0,7.0,12.0,13.0,100.0,99.0
Рождество на двоих,4.0,5.0,3.0,2.0,3.0,1.0,3.0,3.0,5.0
Форма воды,0.0,0.0,0.0,0.0,0.0,0.0,0.0,1.0,0.0
Короче,11.0,10.0,8.0,11.0,17.0,15.0,13.0,12.0,12.0
"Три билборда на границе Эббинга, Миссури",0.0,0.0,0.0,0.0,0.0,0.0,0.0,0.0,1.0
Ночные игры,1.0,0.0,1.0,1.0,1.0,2.0,2.0,10.0,83.0
Каникулы Президента,nan,nan,nan,nan,nan,nan,nan,nan,0.0
Танки,26.0,26.0,28.0,27.0,30.0,23.0,24.0,23.0,23.0
За бортом,18.0,15.0,8.0,11.0,10.0,11.0,12.0,14.0,25.0
Секса не будет!!!,2.0,4.0,3.0,3.0,7.0,17.0,8.0,8.0,8.0
Фото на память,3.0,5.0,3.0,3.0,18.0,14.0,78.0,100.0,46.0
Ночная смена,4.0,3.0,4.0,4.0,13.0,13.0,11.0,8.0,7.0
Русалка. Озеро мертвых,4.0,7.0,4.0,3.0,0.0,3.0,0.0,45.0,100.0
Клуб миллиардеров,0.0,3.0,6.0,3.0,2.0,3.0,7.0,60.0,100.0
Судная ночь. Начало,0.0,2.0,0.0,0.0,1.0,0.0,0.0,3.0,0.0
Аксель,11.0,15.0,24.0,15.0,8.0,12.0,12.0,74.0,100.0
Днюха!,6.0,4.0,8.0,5.0,11.0,14.0,24.0,89.0,100.0
Как женить холостяка,1.0,0.0,0.0,0.0,14.0,18.0,4.0,5.0,5.0
Временные трудности,5.0,16.0,23.0,62.0,100.0,82.0,58.0,40.0,53.0
Простая просьба,1.0,4.0,17.0,8.0,7.0,4.0,7.0,12.0,61.0
Пришельцы в доме,0.0,0.0,0.0,0.0,0.0,0.0,0.0,0.0,0.0
СУПЕРБОБРОВЫ. НАРОДНЫЕ МСТИТЕЛИ,nan,nan,nan,nan,nan,nan,nan,nan,0.0
Репродукция,6.0,7.0,4.0,8.0,7.0,11.0,11.0,65.0,100.0
Вдовы,7.0,6.0,5.0,4.0,9.0,7.0,7.0,6.0,8.0
Всё или ничего,nan,nan,nan,nan,nan,nan,nan,nan,3.0
Три богатыря и наследница престола,4.0,3.0,2.0,2.0,4.0,7.0,25.0,100.0,59.0
Путь домой,2.0,2.0,4.0,6.0,4.0,4.0,5.0,24.0,28.0
Астерикс и тайное зелье,1.0,0.0,0.0,1.0,2.0,1.0,0.0,1.0,3.0
Тобол,7.0,6.0,7.0,9.0,17.0,22.0,95.0,100.0,59.0
Рожденный стать королем,2.0,1.0,6.0,3.0,5.0,4.0,2.0,3.0,5.0
Домовой,28.0,28.0,77.0,100.0,62.0,61.0,49.0,37.0,66.0
Коридор бессмертия,2.0,0.0,4.0,3.0,18.0,57.0,6.0,3.0,3.0
Та еще парочка,0.0,0.0,0.0,0.0,0.0,0.0,2.0,14.0,4.0
Солнцестояние,0.0,0.0,0.0,1.0,1.0,3.0,13.0,2.0,3.0
Дора и Затерянный город,3.0,2.0,4.0,2.0,7.0,6.0,5.0,12.0,73.0
ЭБИГЕЙЛ,2.0,3.0,3.0,7.0,6.0,12.0,20.0,81.0,100.0
Дорогой папа,1.0,3.0,4.0,3.0,5.0,5.0,11.0,76.0,100.0
Рэмбо: Последняя кровь,5.0,3.0,3.0,3.0,8.0,6.0,8.0,88.0,100.0
Девушки бывают разные,14.0,7.0,6.0,6.0,12.0,82.0,100.0,67.0,37.0
Текст,70.0,78.0,80.0,83.0,82.0,80.0,78.0,82.0,93.0
Лев Яшин. Вратарь моей мечты,0.0,0.0,0.0,0.0,2.0,2.0,5.0,65.0,100.0
Иван Царевич и Серый Волк 4,2.0,4.0,3.0,4.0,9.0,39.0,100.0,71.0,25.0
Ёлки Новые,0.0,0.0,0.0,0.0,2.0,0.0,2.0,21.0,49.0
"Кто наш папа, чувак?",0.0,0.0,0.0,0.0,0.0,0.0,9.0,0.0,0.0
Скиф,12.0,11.0,9.0,10.0,16.0,11.0,22.0,91.0,100.0
Рубеж,11.0,15.0,16.0,15.0,17.0,16.0,37.0,38.0,33.0
За гранью реальности,3.0,2.0,8.0,23.0,67.0,100.0,35.0,22.0,16.0
Пассажир,11.0,8.0,8.0,7.0,13.0,12.0,17.0,13.0,16.0
"Винчестер. Дом, который построили призраки",0.0,0.0,0.0,0.0,0.0,0.0,1.0,0.0,1.0
Папа-мама гусь,0.0,0.0,0.0,0.0,0.0,0.0,0.0,0.0,0.0
Анон,5.0,3.0,3.0,3.0,3.0,7.0,5.0,11.0,100.0
Конченая,0.0,2.0,12.0,12.0,2.0,3.0,4.0,21.0,100.0
Два хвоста,2.0,3.0,4.0,1.0,1.0,4.0,3.0,3.0,79.0
Эскобар,7.0,6.0,10.0,9.0,7.0,6.0,7.0,11.0,10.0
Во власти стихии,1.0,3.0,3.0,3.0,3.0,2.0,4.0,5.0,6.0
Килиманджара,nan,nan,nan,nan,nan,nan,nan,nan,0.0
Убежище дьявола,0.0,0.0,0.0,0.0,0.0,0.0,0.0,0.0,0.0
Опасная игра Слоун,0.0,0.0,0.0,0.0,0.0,0.0,0.0,0.0,0.0
История одного назначения,67.0,43.0,17.0,18.0,9.0,20.0,19.0,14.0,12.0
Большой кошачий побег,0.0,0.0,0.0,0.0,0.0,0.0,0.0,0.0,0.0
На районе,43.0,35.0,36.0,42.0,41.0,41.0,50.0,99.0,100.0
Апгрейд,8.0,8.0,10.0,6.0,9.0,7.0,5.0,8.0,11.0
Волки и Овцы: Ход Свиньей,0.0,0.0,0.0,0.0,0.0,0.0,5.0,0.0,0.0
Семья по-быстрому,0.0,8.0,5.0,2.0,1.0,4.0,3.0,3.0,1.0
Наркокурьер,1.0,2.0,1.0,1.0,1.0,0.0,0.0,1.0,1.0
Королевский корги,1.0,1.0,1.0,1.0,0.0,0.0,0.0,0.0,1.0
Игры разумов,0.0,0.0,0.0,0.0,0.0,0.0,0.0,0.0,0.0
Братство,29.0,34.0,79.0,100.0,60.0,46.0,49.0,42.0,52.0
"Гори, гори ясно",2.0,1.0,0.0,0.0,3.0,1.0,3.0,0.0,1.0
Рокетмен,1.0,0.0,1.0,0.0,0.0,1.0,3.0,7.0,9.0
Ма,48.0,46.0,51.0,49.0,56.0,54.0,49.0,47.0,51.0
Детские игры,23.0,27.0,18.0,21.0,22.0,29.0,24.0,87.0,100.0
Искусство обмана,0.0,2.0,0.0,0.0,2.0,1.0,0.0,8.0,21.0
Страшные истории для рассказа в темноте,0.0,2.0,6.0,6.0,7.0,6.0,10.0,71.0,100.0
Синяя бездна 2,2.0,3.0,2.0,3.0,4.0,3.0,17.0,66.0,100.0
Yesterday (Вчера),97.0,0.0,0.0,0.0,0.0,0.0,0.0,0.0,0.0
Дождливый день в Нью-Йорке,3.0,3.0,2.0,1.0,1.0,2.0,0.0,2.0,2.0
Ржев,nan,nan,nan,nan,nan,nan,nan,nan,8.0
Фиксики против кработов,nan,nan,nan,nan,nan,nan,nan,nan,0.0
Фердинанд,4.0,3.0,4.0,3.0,3.0,4.0,5.0,5.0,4.0
Охота на воров,0.0,2.0,4.0,2.0,1.0,3.0,6.0,15.0,31.0
Гномы в доме,0.0,0.0,0.0,0.0,0.0,1.0,0.0,0.0,1.0
"Ну, здравствуй, Оксана Соколова!",5.0,6.0,1.0,5.0,5.0,18.0,100.0,86.0,60.0
Тебя никогда здесь не было,0.0,0.0,0.0,0.0,0.0,0.0,0.0,1.0,2.0
Не в себе,10.0,14.0,22.0,31.0,32.0,23.0,21.0,20.0,20.0
Жажда смерти,5.0,6.0,7.0,4.0,6.0,5.0,4.0,10.0,14.0
Славные пташки,0.0,0.0,0.0,0.0,1.0,0.0,0.0,0.0,0.0
Опасный бизнес,3.0,1.0,0.0,4.0,1.0,3.0,5.0,4.0,5.0
Садко,30.0,32.0,34.0,71.0,82.0,58.0,40.0,32.0,33.0
Псы под прикрытием,0.0,0.0,1.0,0.0,0.0,7.0,2.0,3.0,9.0
22 мили,4.0,6.0,3.0,9.0,5.0,7.0,8.0,15.0,85.0
Поиск,52.0,49.0,53.0,50.0,47.0,48.0,52.0,54.0,53.0
Человек на Луне,1.0,2.0,4.0,3.0,1.0,2.0,2.0,10.0,4.0
Крымский мост. Сделано с любовью,nan,nan,nan,nan,nan,nan,nan,nan,0.0
Оцепеневшие от страха,0.0,0.0,0.0,0.0,0.0,0.0,0.0,0.0,0.0
Нация убийц,0.0,1.0,0.0,0.0,0.0,0.0,0.0,1.0,0.0
Проводник,66.0,51.0,57.0,55.0,68.0,51.0,48.0,40.0,33.0
"Дом, который построил Джек",1.0,0.0,0.0,0.0,1.0,3.0,3.0,32.0,5.0
Начни сначала,6.0,4.0,7.0,8.0,4.0,5.0,8.0,5.0,7.0
Две королевы,0.0,2.0,2.0,3.0,2.0,1.0,1.0,1.0,2.0
Море соблазна,4.0,8.0,5.0,5.0,4.0,6.0,10.0,64.0,100.0
Омен: Перерождение,1.0,2.0,1.0,0.0,2.0,5.0,29.0,23.0,17.0
Потерянное звено,0.0,2.0,0.0,1.0,1.0,0.0,6.0,72.0,100.0
Миа и белый лев,0.0,0.0,0.0,0.0,0.0,0.0,0.0,0.0,0.0
"Щенячий патруль и Нелла, отважная принцесса",nan,nan,nan,nan,nan,nan,nan,nan,0.0
Мертвые не умирают,2.0,4.0,2.0,2.0,2.0,1.0,1.0,30.0,12.0
Бойцовский клуб,nan,nan,nan,nan,nan,nan,nan,nan,63.0
Паразиты,2.0,3.0,3.0,2.0,2.0,2.0,2.0,3.0,4.0
BTS: Открой свою душу. Фильм,0.0,0.0,0.0,0.0,0.0,0.0,0.0,0.0,0.0
Падение ангела,2.0,2.0,1.0,3.0,5.0,7.0,10.0,78.0,100.0
Птичий дозор,0.0,1.0,0.0,0.0,0.0,1.0,0.0,0.0,1.0
Комната желаний,0.0,0.0,0.0,0.0,0.0,0.0,0.0,0.0,0.0
Волшебник,6.0,5.0,6.0,12.0,7.0,5.0,6.0,5.0,5.0
Урфин Джюс возвращается,2.0,0.0,0.0,1.0,7.0,63.0,100.0,39.0,10.0
Во все тяжкое,0.0,0.0,0.0,0.0,0.0,0.0,0.0,0.0,0.0
Алла Пугачёва. Тот самый концерт,nan,nan,nan,nan,nan,nan,nan,nan,0.0
Звёздные войны: Последние джедаи,6.0,5.0,9.0,7.0,10.0,12.0,13.0,23.0,90.0
Девушка в тумане,0.0,0.0,0.0,0.0,0.0,0.0,1.0,1.0,1.0
Плюшевый монстр,0.0,0.0,0.0,0.0,0.0,0.0,0.0,0.0,0.0
Мэри и ведьмин цветок,0.0,0.0,0.0,0.0,0.0,0.0,0.0,0.0,0.0
Титан,55.0,49.0,60.0,54.0,58.0,54.0,57.0,52.0,53.0
Остров Собак,1.0,0.0,0.0,1.0,0.0,1.0,0.0,2.0,4.0
Пчёлка Майя и Кубок мёда,0.0,0.0,0.0,0.0,0.0,0.0,0.0,0.0,0.0
Распрекрасный принц,1.0,18.0,3.0,6.0,6.0,1.0,6.0,2.0,6.0
Паранормальное,6.0,8.0,8.0,8.0,8.0,10.0,7.0,8.0,7.0
Зло,11.0,14.0,13.0,13.0,26.0,35.0,24.0,19.0,15.0
Мара. Пожиратель снов,0.0,0.0,0.0,0.0,0.0,0.0,0.0,0.0,1.0
Только не они,6.0,6.0,7.0,5.0,6.0,13.0,15.0,74.0,100.0
Вечерняя школа,7.0,10.0,15.0,15.0,19.0,18.0,17.0,10.0,14.0
Суспирия,0.0,1.0,3.0,1.0,3.0,3.0,7.0,5.0,15.0
Мэри Поппинс возвращается,2.0,0.0,0.0,2.0,1.0,1.0,1.0,4.0,2.0
Рассвет,26.0,28.0,40.0,32.0,34.0,46.0,32.0,32.0,35.0
Власть,53.0,35.0,41.0,47.0,46.0,46.0,46.0,53.0,61.0
Щенячий патруль: Мегащенки,0.0,0.0,0.0,0.0,0.0,0.0,0.0,0.0,0.0
Пушистый шпион,0.0,0.0,0.0,0.0,0.0,0.0,0.0,0.0,0.0
Маугли дикой планеты,0.0,0.0,0.0,0.0,0.0,0.0,0.0,0.0,0.0
Отель Мумбаи: Противостояние,0.0,0.0,0.0,0.0,0.0,0.0,0.0,0.0,0.0
Дылда,1.0,1.0,1.0,3.0,1.0,0.0,2.0,6.0,9.0
Курск,70.0,67.0,65.0,67.0,75.0,70.0,66.0,67.0,64.0
До скорой встречи,12.0,12.0,12.0,11.0,15.0,17.0,15.0,60.0,100.0
Жара,63.0,49.0,45.0,44.0,46.0,49.0,51.0,36.0,26.0
Пункт назначения: Смайл,0.0,0.0,0.0,0.0,0.0,0.0,0.0,0.0,0.0
Ты умеешь хранить секреты?,0.0,0.0,0.0,0.0,0.0,0.0,0.0,0.0,0.0
"ОКЕЙ, ЛЕКСИ!",0.0,0.0,0.0,1.0,28.0,14.0,18.0,9.0,49.0
РОБО,6.0,8.0,12.0,9.0,10.0,14.0,22.0,86.0,100.0
Девятая,8.0,8.0,14.0,11.0,8.0,13.0,17.0,84.0,100.0
Мидуэй,4.0,2.0,3.0,1.0,3.0,3.0,4.0,8.0,7.0
Чудо-юдо,1.0,2.0,1.0,1.0,1.0,1.0,3.0,3.0,1.0
Большая игра,1.0,1.0,3.0,2.0,2.0,2.0,1.0,3.0,3.0
Все деньги мира,1.0,8.0,2.0,1.0,3.0,2.0,3.0,2.0,8.0
Дыши во мгле,0.0,0.0,0.0,16.0,15.0,13.0,8.0,8.0,12.0
Истерия,7.0,8.0,6.0,8.0,8.0,6.0,13.0,76.0,100.0
Реинкарнация,11.0,7.0,4.0,8.0,7.0,6.0,6.0,8.0,7.0
План побега 2,1.0,1.0,1.0,10.0,4.0,5.0,5.0,30.0,100.0
Невидимка,nan,nan,nan,nan,nan,nan,nan,nan,17.0
"После долгих поисков Кейн находит искомую формулу и успешно возвращает в мир реальных очертаний гориллу. Остается заключительный аккорд — совершить полный цикл на человеке. Как настоящий ученый, Кейн решает проделать это с самим собой…",nan,nan,nan,nan,nan,nan,nan,nan,nan
Зои,34.0,30.0,32.0,31.0,37.0,18.0,25.0,22.0,22.0
Планета зверей,1.0,0.0,0.0,1.0,0.0,1.0,0.0,0.0,0.0
В поисках йети,0.0,0.0,0.0,0.0,0.0,0.0,0.0,0.0,0.0
Выжившие,nan,nan,nan,nan,nan,nan,nan,nan,5.0
Мотылёк,2.0,10.0,7.0,7.0,5.0,5.0,10.0,21.0,14.0
Кислота,88.0,91.0,96.0,77.0,91.0,100.0,81.0,86.0,87.0
Газгольдер. Клубаре,nan,nan,nan,nan,nan,nan,nan,nan,0.0
МУЛЬТ в кино. Выпуск № 85,nan,nan,nan,nan,nan,nan,nan,nan,0.0
Снежная Королева: Зазеркалье,4.0,2.0,1.0,0.0,1.0,2.0,0.0,2.0,8.0
Астрал: Новое измерение,0.0,0.0,0.0,0.0,0.0,0.0,0.0,0.0,0.0
Снегоуборщик,14.0,26.0,15.0,18.0,27.0,27.0,38.0,85.0,100.0
Отрыв,40.0,31.0,69.0,56.0,35.0,31.0,31.0,33.0,37.0
Кадавр,2.0,1.0,1.0,1.0,1.0,2.0,3.0,2.0,3.0
Гости,67.0,50.0,54.0,48.0,57.0,58.0,63.0,60.0,52.0
В объятиях лжи,0.0,0.0,0.0,0.0,0.0,0.0,0.0,0.0,0.0
Последствия,63.0,75.0,79.0,76.0,71.0,76.0,72.0,72.0,63.0
"Красивый, плохой, злой",0.0,0.0,0.0,0.0,0.0,0.0,3.0,5.0,5.0
Щенячий патруль и Вспыш и чудо-машинки,nan,nan,nan,nan,nan,nan,nan,nan,0.0
Боль и слава,0.0,5.0,0.0,0.0,0.0,2.0,0.0,5.0,0.0
Шаг вперед 6: Год танцев,0.0,0.0,0.0,0.0,0.0,0.0,0.0,0.0,33.0
Смерть и жизнь Джона Ф.Донована,2.0,5.0,2.0,0.0,2.0,0.0,0.0,2.0,3.0
Трудности выживания,18.0,13.0,5.0,5.0,4.0,4.0,6.0,3.0,1.0
Игра Ганнибала,0.0,0.0,0.0,0.0,0.0,0.0,0.0,0.0,0.0
Побег из джунглей,0.0,0.0,0.0,0.0,0.0,0.0,0.0,0.0,0.0
Они,42.0,38.0,44.0,39.0,37.0,34.0,38.0,38.0,43.0
Верность,nan,nan,nan,nan,nan,nan,nan,nan,14.0
Хороший лжец,1.0,2.0,4.0,6.0,2.0,0.0,4.0,7.0,71.0
Тварь,17.0,19.0,11.0,17.0,22.0,16.0,14.0,18.0,22.0
Сиротский Бруклин,0.0,0.0,1.0,0.0,0.0,0.0,10.0,14.0,2.0
Черное Рождество,6.0,1.0,1.0,1.0,4.0,3.0,0.0,7.0,67.0
Праздничный переполох,0.0,0.0,0.0,0.0,0.0,0.0,0.0,0.0,0.0
Секретное досье,0.0,0.0,0.0,1.0,2.0,5.0,1.0,4.0,3.0
Со дна вершины,nan,nan,nan,nan,nan,nan,nan,nan,0.0
Аферисты поневоле,2.0,2.0,2.0,0.0,2.0,23.0,12.0,10.0,12.0
Убийца 2. Против всех,0.0,0.0,0.0,0.0,0.0,3.0,10.0,7.0,82.0
Талли,3.0,0.0,1.0,1.0,2.0,2.0,0.0,2.0,2.0
Обитатели,13.0,18.0,17.0,22.0,19.0,15.0,21.0,12.0,19.0
Кодекс Готти,6.0,14.0,12.0,6.0,12.0,10.0,4.0,16.0,17.0
"Отель ""Артемида""",0.0,3.0,0.0,0.0,0.0,3.0,7.0,3.0,2.0
Пришелец,nan,nan,nan,nan,nan,nan,nan,nan,21.0
Соната,62.0,58.0,68.0,72.0,66.0,67.0,82.0,63.0,62.0
Братья Систерс,0.0,0.0,0.0,0.0,0.0,0.0,1.0,0.0,3.0
Заповедник,nan,nan,nan,nan,nan,nan,nan,nan,49.0
Холмс и Ватсон,18.0,18.0,15.0,22.0,10.0,26.0,25.0,24.0,42.0
Фаворитка,2.0,1.0,1.0,0.0,1.0,1.0,1.0,1.0,2.0
Время возмездия,0.0,0.0,0.0,0.0,0.0,0.0,0.0,1.0,0.0
Пляжный бездельник,0.0,5.0,3.0,1.0,5.0,2.0,3.0,0.0,5.0
Букашки 2,0.0,2.0,0.0,0.0,0.0,0.0,2.0,0.0,0.0
Война Анны,1.0,0.0,1.0,1.0,2.0,3.0,1.0,3.0,3.0
Ядовитая роза,0.0,0.0,0.0,0.0,4.0,1.0,8.0,78.0,100.0
Обитель страха,0.0,0.0,0.0,0.0,0.0,0.0,0.0,0.0,0.0
Донбасс. Окраина,nan,nan,nan,nan,nan,nan,nan,nan,0.0
Дитя робота,0.0,0.0,0.0,0.0,0.0,0.0,0.0,0.0,1.0
МУЛЬТ в кино. Выпуск № 100,nan,nan,nan,nan,nan,nan,nan,nan,0.0
Голоса с того света,0.0,0.0,0.0,0.0,0.0,0.0,2.0,0.0,0.0
UglyDolls. Куклы с характером,0.0,0.0,5.0,5.0,5.0,0.0,0.0,0.0,5.0
Битва,12.0,10.0,12.0,11.0,11.0,11.0,11.0,13.0,15.0
Щенячий патруль: Мегащенки и Шиммер и Шайн,nan,nan,nan,nan,nan,nan,nan,nan,0.0
Матрица,nan,nan,nan,nan,nan,nan,nan,nan,51.0
Сельма в городе призраков,0.0,0.0,0.0,0.0,0.0,0.0,0.0,0.0,0.0
Стражи Арктики,2.0,0.0,2.0,0.0,2.0,0.0,2.0,9.0,2.0
Обратный отсчет,3.0,2.0,3.0,4.0,27.0,10.0,7.0,10.0,8.0
МУЛЬТ в кино. Выпуск № 66,nan,nan,nan,nan,nan,nan,nan,nan,0.0
Бойся своих желаний,0.0,0.0,1.0,0.0,0.0,1.0,0.0,0.0,0.0
Недруги,4.0,1.0,0.0,1.0,0.0,0.0,0.0,2.0,2.0
Купи меня,0.0,0.0,10.0,9.0,8.0,7.0,8.0,95.0,100.0
Ограбление в ураган,0.0,0.0,0.0,3.0,1.0,2.0,3.0,12.0,95.0
Гонка века,6.0,2.0,3.0,3.0,1.0,1.0,1.0,3.0,8.0
Я сражаюсь с великанами,0.0,0.0,0.0,0.0,0.0,0.0,0.0,0.0,0.0
Мария Магдалина,11.0,15.0,7.0,5.0,13.0,16.0,23.0,17.0,28.0
Зачётный препод 3,5.0,0.0,0.0,0.0,0.0,5.0,0.0,21.0,16.0
Логово монстра,0.0,2.0,2.0,1.0,1.0,4.0,7.0,15.0,92.0
Привидение,37.0,36.0,27.0,21.0,27.0,41.0,100.0,67.0,55.0
Истории призраков,0.0,0.0,1.0,0.0,0.0,0.0,1.0,0.0,1.0
Прощаться не будем,nan,nan,nan,nan,nan,nan,nan,nan,0.0
Инсомния,4.0,3.0,6.0,3.0,4.0,6.0,2.0,5.0,3.0
Попробуй подкати,0.0,0.0,0.0,0.0,0.0,0.0,0.0,0.0,0.0
Белль и Себастьян: Приключения продолжаются,0.0,0.0,0.0,0.0,0.0,0.0,0.0,0.0,0.0
Мальчишник в Европе,0.0,0.0,0.0,0.0,0.0,0.0,0.0,0.0,2.0
Кин,28.0,29.0,26.0,25.0,23.0,27.0,38.0,44.0,79.0
Багровая мята,5.0,5.0,3.0,6.0,3.0,7.0,8.0,5.0,20.0
Профессионал,17.0,17.0,19.0,19.0,18.0,19.0,18.0,18.0,13.0
Хэллфест,0.0,0.0,0.0,0.0,0.0,1.0,0.0,4.0,15.0
Проигранное место,1.0,2.0,1.0,2.0,5.0,7.0,15.0,89.0,100.0
Хантер Киллер,1.0,2.0,6.0,6.0,6.0,3.0,2.0,4.0,9.0
Эллиот,17.0,17.0,8.0,21.0,21.0,17.0,23.0,13.0,27.0
Близнецы,nan,nan,nan,nan,nan,nan,nan,nan,68.0
МУЛЬТ в кино. Выпуск № 87,nan,nan,nan,nan,nan,nan,nan,nan,nan
Завод,78.0,76.0,74.0,68.0,74.0,74.0,72.0,75.0,74.0
Шутки в сторону 2: Миссия в Майами,0.0,0.0,0.0,0.0,7.0,7.0,0.0,7.0,0.0
Родители легкого поведения,0.0,0.0,2.0,0.0,0.0,0.0,0.0,2.0,0.0
Нуреев. Белый ворон,0.0,0.0,0.0,0.0,0.0,0.0,0.0,0.0,0.0
Танцуй сердцем,0.0,0.0,0.0,0.0,0.0,0.0,0.0,0.0,0.0
План побега 3,1.0,1.0,1.0,2.0,2.0,11.0,13.0,5.0,8.0
Ангел мой,28.0,27.0,19.0,42.0,35.0,32.0,36.0,66.0,76.0
БЫК,31.0,33.0,43.0,38.0,24.0,55.0,35.0,34.0,38.0
"Куда ты пропала, Бернадетт?",0.0,0.0,0.0,0.0,0.0,0.0,0.0,0.0,0.0
Люби их всех,69.0,67.0,18.0,21.0,65.0,20.0,100.0,39.0,11.0
Сестренка,57.0,68.0,67.0,63.0,100.0,82.0,67.0,69.0,52.0
Арахисовый сокол,0.0,0.0,0.0,0.0,0.0,0.0,0.0,0.0,0.0
Дитя погоды,0.0,0.0,0.0,0.0,0.0,0.0,0.0,0.0,0.0
Грех,13.0,11.0,13.0,14.0,12.0,13.0,28.0,24.0,23.0
Прекрасная эпоха,1.0,0.0,0.0,0.0,1.0,0.0,0.0,1.0,0.0
Война Токов,1.0,1.0,0.0,0.0,0.0,1.0,0.0,9.0,8.0
День мертвецов: Злая кровь,nan,nan,nan,nan,nan,nan,nan,nan,0.0
Всё только начинается,0.0,0.0,1.0,0.0,0.0,1.0,0.0,0.0,1.0
Тёмные времена,0.0,0.0,2.0,0.0,2.0,4.0,0.0,0.0,0.0
Тоня против всех,0.0,0.0,0.0,0.0,0.0,0.0,0.0,0.0,0.0
Колесо чудес,0.0,2.0,2.0,0.0,0.0,0.0,2.0,2.0,1.0
Убийство священного оленя,0.0,0.0,0.0,0.0,0.0,0.0,1.0,6.0,3.0
Страна призраков,0.0,0.0,0.0,0.0,1.0,0.0,0.0,0.0,0.0
Леонардо: Миссия Мона Лиза,0.0,0.0,0.0,0.0,0.0,0.0,0.0,0.0,0.0
Статус: Обновлен,0.0,0.0,0.0,0.0,0.0,0.0,0.0,0.0,1.0
Невидимый гость,0.0,0.0,0.0,0.0,0.0,0.0,0.0,0.0,0.0
Сага о чудовище. Сумерки,0.0,0.0,0.0,0.0,0.0,0.0,0.0,0.0,0.0
Осторожно: Грамп!,0.0,0.0,0.0,0.0,0.0,0.0,0.0,0.0,0.0
Пылающий,14.0,3.0,6.0,4.0,5.0,4.0,8.0,6.0,5.0
Офисный беспредел,0.0,0.0,0.0,0.0,0.0,0.0,0.0,2.0,11.0
Жаркие летние ночи,0.0,0.0,0.0,0.0,0.0,0.0,0.0,0.0,0.0
По ту сторону океана,0.0,0.0,0.0,0.0,3.0,3.0,3.0,0.0,0.0
Лондонские поля,0.0,24.0,28.0,10.0,13.0,10.0,7.0,21.0,14.0
Вечная жизнь Александра Христофорова,5.0,9.0,100.0,100.0,40.0,6.0,17.0,17.0,7.0
МУЛЬТ в кино. Выпуск № 84,nan,nan,nan,nan,nan,nan,nan,nan,nan
Жена,62.0,62.0,64.0,69.0,67.0,69.0,76.0,73.0,67.0
Тёмное зеркало,1.0,0.0,1.0,0.0,0.0,0.0,1.0,4.0,1.0
Мирай из будущего,0.0,0.0,0.0,0.0,0.0,0.0,0.0,0.0,0.0
Ван Гог. На пороге вечности,0.0,0.0,0.0,0.0,0.0,0.0,0.0,10.0,0.0
Затерянные во льдах,0.0,0.0,0.0,0.0,0.0,0.0,0.0,0.0,0.0
Юморист,100.0,75.0,60.0,83.0,71.0,56.0,49.0,43.0,43.0
Гурвинек. Волшебная игра,0.0,0.0,0.0,0.0,0.0,0.0,0.0,0.0,0.0
Другой,51.0,42.0,44.0,43.0,37.0,39.0,42.0,44.0,42.0
Высшее общество,15.0,23.0,30.0,21.0,17.0,20.0,20.0,16.0,13.0
На Париж,nan,nan,nan,nan,nan,nan,nan,nan,33.0
Плейбой под прикрытием,0.0,0.0,0.0,0.0,0.0,0.0,0.0,0.0,0.0
Куриоса,0.0,0.0,0.0,0.0,0.0,0.0,0.0,0.0,0.0
Домино,56.0,55.0,54.0,46.0,55.0,51.0,40.0,59.0,66.0
Я не такой. Я не такая,0.0,15.0,0.0,0.0,7.0,0.0,7.0,0.0,0.0
Зов волка,0.0,0.0,0.0,0.0,0.0,0.0,1.0,0.0,0.0
Норм и Несокрушимые: Большое путешествие,0.0,0.0,0.0,0.0,0.0,0.0,0.0,0.0,9.0
Красавчик со стажем,0.0,0.0,0.0,0.0,0.0,0.0,0.0,0.0,0.0
МУЛЬТ в кино. Выпуск № 101,nan,nan,nan,nan,nan,nan,nan,nan,0.0
Команда мечты,nan,nan,nan,nan,nan,nan,nan,nan,2.0
МУЛЬТ в кино. Выпуск № 104,nan,nan,nan,nan,nan,nan,nan,nan,0.0
Три секунды,6.0,1.0,3.0,2.0,0.0,6.0,12.0,4.0,4.0
21 мост,8.0,3.0,3.0,2.0,2.0,2.0,4.0,4.0,6.0
Ходячий замок,nan,nan,nan,nan,nan,nan,nan,nan,36.0
Тайна Коко. Олаф и холодное приключение,0.0,0.0,0.0,0.0,0.0,0.0,0.0,0.0,0.0
Сламбер: Лабиринты сна,0.0,0.0,0.0,0.0,0.0,0.0,0.0,0.0,0.0
Место встречи,46.0,37.0,41.0,46.0,39.0,39.0,35.0,44.0,36.0
Сердцеед,7.0,14.0,10.0,10.0,13.0,16.0,32.0,100.0,92.0
Леди Бёрд,0.0,0.0,0.0,0.0,0.0,0.0,0.0,0.0,0.0
Незнакомцы: Жестокие игры,0.0,2.0,0.0,0.0,0.0,2.0,0.0,6.0,8.0
Дикие предки,3.0,0.0,1.0,1.0,2.0,0.0,0.0,4.0,4.0
Белль и Себастьян,nan,nan,nan,nan,nan,nan,nan,nan,6.0
Укрась прощальное утро цветами обещания,0.0,0.0,2.0,0.0,2.0,0.0,0.0,0.0,0.0
Красавица для чудовища,0.0,0.0,0.0,0.0,0.0,0.0,0.0,0.0,0.0
От семьи не убежишь,0.0,0.0,0.0,0.0,0.0,0.0,0.0,0.0,0.0
Первые,nan,nan,nan,nan,nan,nan,nan,nan,58.0
Фобия,36.0,27.0,32.0,38.0,39.0,44.0,45.0,48.0,49.0
2001 год: Космическая одиссея,nan,nan,nan,nan,nan,nan,nan,nan,0.0
Тайная жизнь пингвинов,0.0,0.0,0.0,0.0,0.0,0.0,0.0,0.0,2.0
Игрушки для взрослых,6.0,3.0,9.0,6.0,14.0,14.0,8.0,13.0,20.0
Черный клановец,0.0,0.0,0.0,0.0,0.0,0.0,0.0,4.0,2.0
Грецкий орешек,nan,nan,nan,nan,nan,nan,nan,nan,0.0
Холодная война,29.0,27.0,39.0,48.0,39.0,45.0,26.0,31.0,41.0
Колетт,2.0,0.0,2.0,1.0,1.0,0.0,1.0,1.0,0.0
МУЛЬТ в кино. Выпуск № 86,nan,nan,nan,nan,nan,nan,nan,nan,0.0
Унесенные призраками,nan,nan,nan,nan,nan,nan,nan,nan,27.0
Жил-был Дэдпул,0.0,0.0,0.0,0.0,1.0,2.0,2.0,5.0,4.0
BEEF: РУССКИЙ ХИП-ХОП,0.0,0.0,0.0,5.0,5.0,5.0,0.0,5.0,0.0
Лабиринты прошлого,2.0,4.0,0.0,4.0,41.0,4.0,0.0,2.0,6.0
Лови момент,9.0,17.0,13.0,22.0,11.0,100.0,60.0,33.0,17.0
Звонок мертвецу,0.0,0.0,0.0,0.0,0.0,0.0,0.0,0.0,0.0
100 вещей и ничего лишнего,0.0,0.0,0.0,0.0,0.0,0.0,0.0,0.0,0.0
Код Красный,4.0,2.0,2.0,0.0,4.0,9.0,11.0,4.0,4.0
Спасибо деду за Победу,nan,nan,nan,nan,nan,nan,nan,nan,27.0
Проклятые,20.0,16.0,26.0,28.0,25.0,18.0,25.0,30.0,23.0
МУЛЬТ в кино. Выпуск № 98,nan,nan,nan,nan,nan,nan,nan,nan,nan
Игра,26.0,24.0,24.0,25.0,24.0,24.0,25.0,23.0,23.0
Питомец Юрского периода,0.0,0.0,0.0,0.0,0.0,0.0,5.0,5.0,0.0
Битва за Землю,4.0,1.0,5.0,5.0,0.0,2.0,10.0,11.0,21.0
Ибица,7.0,6.0,6.0,7.0,8.0,7.0,8.0,10.0,15.0
Леонардо да Винчи. Неизведанные миры,0.0,0.0,0.0,0.0,0.0,6.0,0.0,0.0,0.0
Дети моря,3.0,3.0,0.0,3.0,3.0,3.0,0.0,5.0,5.0
Поменяться местами,5.0,5.0,11.0,17.0,10.0,18.0,7.0,11.0,9.0
"Щенячий патруль: Мегащенки и Нелла, отважная принцесса",nan,nan,nan,nan,nan,nan,nan,nan,38.0
Решала. Нулевые,nan,nan,nan,nan,nan,nan,nan,nan,0.0
Щенячий патруль: Мегащенки и Отважные птенцы,nan,nan,nan,nan,nan,nan,nan,nan,0.0
Тайная жизнь насекомых,0.0,0.0,0.0,0.0,0.0,0.0,0.0,0.0,0.0
Уиджи: Проклятие Вероники,0.0,0.0,0.0,0.0,0.0,0.0,0.0,0.0,0.0
Призрачная нить,0.0,0.0,1.0,3.0,2.0,0.0,0.0,2.0,1.0
Дикий,51.0,49.0,61.0,55.0,44.0,66.0,66.0,72.0,81.0
"Операция ""Шаровая молния""",5.0,0.0,0.0,0.0,4.0,8.0,4.0,8.0,8.0
Республика Z,0.0,14.0,41.0,13.0,0.0,13.0,13.0,26.0,13.0
Третья волна зомби,0.0,0.0,0.0,0.0,0.0,0.0,0.0,0.0,0.0
Муза смерти,0.0,0.0,0.0,0.0,0.0,5.0,0.0,0.0,0.0
Как разговаривать с девушками на вечеринках,0.0,0.0,4.0,0.0,0.0,0.0,2.0,2.0,2.0
Шпионская игра,0.0,0.0,0.0,0.0,0.0,0.0,0.0,0.0,0.0
Маленький большой герой,0.0,0.0,0.0,0.0,0.0,0.0,0.0,0.0,7.0
Вилли и крутые тачки,0.0,0.0,4.0,0.0,0.0,0.0,0.0,34.0,100.0
Белль и Себастьян: друзья навек,0.0,0.0,0.0,0.0,0.0,0.0,0.0,0.0,0.0
Бои без правил,48.0,47.0,38.0,51.0,56.0,32.0,39.0,45.0,36.0
"Человек, который убил Дон Кихота",0.0,8.0,0.0,8.0,0.0,8.0,0.0,0.0,8.0
Патрик,22.0,76.0,61.0,59.0,60.0,67.0,55.0,45.0,41.0
Лоро,3.0,4.0,10.0,3.0,10.0,12.0,3.0,10.0,18.0
Идеальная западня,0.0,0.0,0.0,0.0,0.0,20.0,32.0,15.0,15.0
1+1: Голливудская история,89.0,83.0,88.0,81.0,81.0,85.0,87.0,88.0,87.0
Пышка,6.0,15.0,15.0,10.0,20.0,14.0,51.0,38.0,37.0
Закатать в асфальт,0.0,0.0,0.0,0.0,0.0,0.0,0.0,1.0,3.0
МУЛЬТ в кино. Выпуск № 94,nan,nan,nan,nan,nan,nan,nan,nan,nan
МУЛЬТ в кино. Выпуск № 97,nan,nan,nan,nan,nan,nan,nan,nan,nan
Золотая перчатка,6.0,0.0,0.0,3.0,3.0,0.0,0.0,0.0,27.0
Голем: Начало,0.0,0.0,0.0,0.0,0.0,0.0,0.0,0.0,0.0
Присягнувшая тьме,0.0,0.0,0.0,0.0,0.0,0.0,0.0,0.0,0.0
Соблазн,2.0,2.0,2.0,2.0,2.0,3.0,3.0,4.0,2.0
Как отмыть миллион,0.0,0.0,0.0,0.0,0.0,0.0,0.0,0.0,0.0
ИГЛА,nan,nan,nan,nan,nan,nan,nan,nan,54.0
Щенячий патруль: Суперпатруль 2,nan,nan,nan,nan,nan,nan,nan,nan,0.0
Добыча,48.0,74.0,51.0,55.0,49.0,30.0,46.0,47.0,43.0
Тайна Мосли,0.0,0.0,0.0,0.0,0.0,0.0,0.0,0.0,0.0
С широко закрытыми глазами. Не просто сон: Стэнли Кубрик с широко закрытыми глазами,32.0,22.0,30.0,21.0,24.0,22.0,14.0,16.0,14.0
"Убийство в ""Восточном экспрессе""",2.0,5.0,7.0,5.0,5.0,9.0,17.0,27.0,96.0
Карп отмороженный,1.0,4.0,3.0,3.0,5.0,3.0,7.0,1.0,4.0
МУЛЬТ в кино. Выпуск № 68,nan,nan,nan,nan,nan,nan,nan,nan,0.0
МУЛЬТ в кино. Выпуск №73,nan,nan,nan,nan,nan,nan,nan,nan,0.0
МУЛЬТ в кино. Выпуск № 74,nan,nan,nan,nan,nan,nan,nan,nan,0.0
МУЛЬТ в кино. Выпуск № 75,nan,nan,nan,nan,nan,nan,nan,nan,0.0
МУЛЬТ в кино. Выпуск № 76,nan,nan,nan,nan,nan,nan,nan,nan,0.0
Мир будущего,7.0,12.0,14.0,15.0,16.0,17.0,10.0,36.0,57.0
МУЛЬТ в кино. Выпуск № 77,nan,nan,nan,nan,nan,nan,nan,nan,nan
Книжный клуб,44.0,31.0,27.0,34.0,24.0,25.0,29.0,34.0,17.0
МУЛЬТ в кино. Выпуск № 78,nan,nan,nan,nan,nan,nan,nan,nan,nan
Горные огни,0.0,0.0,0.0,0.0,0.0,0.0,0.0,0.0,0.0
Экстаз,5.0,5.0,3.0,3.0,5.0,3.0,3.0,3.0,4.0
Примадонна,22.0,17.0,12.0,15.0,46.0,46.0,26.0,29.0,20.0
Под Сильвер-Лэйк,0.0,0.0,0.0,0.0,0.0,0.0,0.0,0.0,0.0
Спитак,2.0,3.0,1.0,3.0,4.0,7.0,8.0,9.0,6.0
Хрусталь,35.0,26.0,33.0,38.0,26.0,34.0,28.0,57.0,39.0
Воспитательница,14.0,6.0,5.0,11.0,3.0,9.0,8.0,11.0,8.0
Середина 90-х,0.0,0.0,0.0,0.0,0.0,0.0,0.0,0.0,0.0
Апокалипсис сегодня. Расширенная версия,nan,nan,nan,nan,nan,nan,nan,nan,14.0
Мин урдубэр кун хаhан да киирбэт (Надо мною солнце не садится),5.0,5.0,11.0,16.0,11.0,5.0,5.0,16.0,5.0
Так сказал Чарли,0.0,0.0,0.0,0.0,0.0,0.0,0.0,0.0,0.0
Космическое приключение,22.0,4.0,11.0,7.0,0.0,11.0,4.0,3.0,7.0
За мечтой,13.0,15.0,28.0,15.0,11.0,7.0,4.0,17.0,32.0
Клуб анонимных киллеров,0.0,0.0,0.0,0.0,0.0,2.0,0.0,15.0,92.0
Приключения Реми,0.0,0.0,0.0,0.0,0.0,0.0,0.0,0.0,0.0
Плюс один,42.0,33.0,46.0,36.0,42.0,64.0,33.0,29.0,29.0
7 социопатов,0.0,0.0,0.0,0.0,0.0,0.0,0.0,0.0,0.0
МУЛЬТ в кино. Выпуск № 103,nan,nan,nan,nan,nan,nan,nan,nan,nan
Джуди,7.0,8.0,7.0,8.0,4.0,8.0,12.0,11.0,10.0
Сторож,nan,nan,nan,nan,nan,nan,nan,nan,12.0
Француз,nan,nan,nan,nan,nan,nan,nan,nan,12.0
Курьер,55.0,66.0,62.0,65.0,57.0,68.0,72.0,74.0,85.0
Солярис.,nan,nan,nan,nan,nan,nan,nan,nan,0.0
"Ван Гог. С любовью, Винсент",0.0,0.0,0.0,0.0,0.0,0.0,0.0,0.0,0.0
Бахубали: Рождение легенды,0.0,0.0,0.0,0.0,0.0,0.0,0.0,0.0,0.0
МУЛЬТ в кино. Выпуск № 67,nan,nan,nan,nan,nan,nan,nan,nan,0.0
Хэппи-энд,6.0,6.0,0.0,0.0,0.0,0.0,0.0,0.0,0.0
Трон эльфов,4.0,0.0,0.0,0.0,0.0,0.0,0.0,0.0,0.0
МУЛЬТ в кино. Выпуск № 70,nan,nan,nan,nan,nan,nan,nan,nan,0.0
МУЛЬТ в кино. Выпуск № 71,nan,nan,nan,nan,nan,nan,nan,nan,0.0
Полночное солнце,27.0,37.0,29.0,20.0,5.0,15.0,25.0,55.0,65.0
Невероятная история о гигантской груше,0.0,0.0,0.0,0.0,0.0,6.0,0.0,0.0,0.0
Точка невозврата,13.0,4.0,11.0,14.0,9.0,19.0,12.0,12.0,4.0
Моя бывшая подружка,0.0,0.0,0.0,0.0,0.0,0.0,0.0,0.0,0.0
МУЛЬТ в кино. Выпуск № 79,nan,nan,nan,nan,nan,nan,nan,nan,nan
"Не волнуйся, он далеко не уйдет",0.0,0.0,0.0,0.0,0.0,0.0,0.0,32.0,0.0
Мир принадлежит тебе,4.0,0.0,0.0,0.0,5.0,4.0,0.0,0.0,0.0
МУЛЬТ в кино. Выпуск № 81,nan,nan,nan,nan,nan,nan,nan,nan,nan
МУЛЬТ в кино. Выпуск № 82,nan,nan,nan,nan,nan,nan,nan,nan,nan
Проза бродячих псов. Фильм,0.0,0.0,0.0,0.0,0.0,0.0,0.0,0.0,0.0
На край света: В поисках единорога,0.0,0.0,0.0,0.0,0.0,0.0,0.0,0.0,0.0
Почему мы креативны?,0.0,0.0,0.0,0.0,0.0,0.0,0.0,0.0,0.0
Петсон и Финдус. Лучшее на свете Рождество,0.0,0.0,0.0,0.0,0.0,0.0,0.0,0.0,0.0
Белый парень Рик,0.0,2.0,5.0,5.0,2.0,6.0,2.0,0.0,0.0
Тетрадь дружбы Нацумэ,nan,nan,nan,nan,nan,nan,nan,nan,4.0
30 безумных желаний,0.0,0.0,0.0,0.0,0.0,0.0,0.0,0.0,0.0
Ван Гоги,1.0,5.0,2.0,5.0,10.0,5.0,8.0,21.0,89.0
Агент Мамбо,nan,nan,nan,nan,nan,nan,nan,nan,0.0
МУЛЬТ в кино. Выпуск № 95,nan,nan,nan,nan,nan,nan,nan,nan,0.0
Варавва,4.0,2.0,4.0,2.0,6.0,4.0,0.0,0.0,6.0
Игрища престолов,13.0,8.0,10.0,100.0,60.0,25.0,11.0,8.0,15.0
"Берлин, я люблю тебя",0.0,0.0,0.0,0.0,12.0,0.0,0.0,0.0,0.0
Вспыш и чудо-машинки и Расти-механик,nan,nan,nan,nan,nan,nan,nan,nan,0.0
Код Гиас: Лелуш Воскресший,0.0,0.0,0.0,0.0,0.0,0.0,0.0,4.0,12.0
Вельзевул,23.0,19.0,13.0,23.0,17.0,19.0,21.0,27.0,33.0
Опасные секреты,0.0,3.0,3.0,3.0,0.0,3.0,0.0,0.0,0.0
Болевой порог,nan,nan,nan,nan,nan,nan,nan,nan,26.0
Прощание,4.0,3.0,3.0,4.0,4.0,3.0,3.0,4.0,3.0
МУЛЬТ в кино. Выпуск №105,nan,nan,nan,nan,nan,nan,nan,nan,0.0
Клара и волшебный дракон,0.0,0.0,0.0,0.0,0.0,12.0,6.0,27.0,72.0
Lil Peep: всё для всех,0.0,0.0,0.0,0.0,0.0,0.0,0.0,0.0,0.0
Аэронавты,0.0,0.0,0.0,0.0,0.0,0.0,0.0,0.0,2.0
Реальная любовь в Нью-Йорке,0.0,0.0,0.0,0.0,0.0,0.0,0.0,0.0,0.0
МУЛЬТ в кино. Выпуск № 109,nan,nan,nan,nan,nan,nan,nan,nan,nan
Добро пожаловать на юг - 2 или Соседям вход запрещен!,0.0,0.0,0.0,0.0,0.0,0.0,0.0,0.0,0.0
Погружение,9.0,9.0,10.0,10.0,13.0,14.0,8.0,12.0,11.0
"До свидания там, наверху",0.0,0.0,0.0,0.0,0.0,0.0,0.0,0.0,0.0
Девушки и танки,3.0,6.0,6.0,9.0,6.0,12.0,9.0,3.0,12.0
Великолепная,6.0,7.0,7.0,9.0,9.0,25.0,9.0,9.0,7.0
Роналду против Месси,7.0,13.0,7.0,7.0,100.0,94.0,55.0,53.0,46.0
МОЯ ЖИЗНЬ,nan,nan,nan,nan,nan,nan,nan,nan,47.0
Дело Собчака,0.0,0.0,0.0,1.0,0.0,0.0,1.0,1.0,0.0
Хот-Дог,36.0,15.0,15.0,0.0,33.0,0.0,7.0,21.0,21.0
Джим Пуговка и машинист Лукас,0.0,0.0,3.0,0.0,0.0,0.0,0.0,0.0,0.0
МУЛЬТ в кино. Выпуск № 80,nan,nan,nan,nan,nan,nan,nan,nan,nan
Храброе сердце. Заговор в королевстве,0.0,0.0,0.0,0.0,0.0,0.0,0.0,0.0,0.0
Руби и повелитель воды,0.0,0.0,0.0,0.0,0.0,0.0,0.0,0.0,0.0
Любовник моей жены,0.0,0.0,0.0,0.0,0.0,0.0,0.0,0.0,0.0
Тайна магазина игрушек,0.0,0.0,0.0,0.0,0.0,0.0,0.0,0.0,0.0
МУЛЬТ в кино. Выпуск № 83,nan,nan,nan,nan,nan,nan,nan,nan,0.0
Помешанный на времени,0.0,0.0,0.0,0.0,0.0,0.0,0.0,39.0,83.0
Пирсинг,56.0,66.0,72.0,68.0,74.0,70.0,74.0,70.0,75.0
Снежные гонки,0.0,0.0,0.0,0.0,0.0,0.0,0.0,0.0,0.0
МУЛЬТ в кино. Выпуск № 91,nan,nan,nan,nan,nan,nan,nan,nan,0.0
МУЛЬТ в кино. Выпуск № 92,nan,nan,nan,nan,nan,nan,nan,nan,0.0
Стертая личность,0.0,0.0,0.0,0.0,0.0,0.0,0.0,0.0,0.0
Синонимы,59.0,35.0,58.0,82.0,86.0,78.0,82.0,75.0,87.0
Велотачки,0.0,0.0,0.0,0.0,0.0,0.0,0.0,0.0,4.0
Играй или умри,0.0,2.0,4.0,0.0,4.0,0.0,2.0,27.0,100.0
Однажды в Стокгольме,0.0,0.0,0.0,0.0,0.0,0.0,0.0,0.0,0.0
Красивый бандит,0.0,0.0,0.0,0.0,0.0,0.0,0.0,0.0,0.0
Тачка на миллион,0.0,0.0,0.0,2.0,0.0,0.0,0.0,0.0,0.0
МУЛЬТ в кино. Выпуск № 102,nan,nan,nan,nan,nan,nan,nan,nan,nan
После свадьбы,32.0,40.0,33.0,33.0,38.0,38.0,34.0,37.0,43.0
Манхэттенский фестиваль короткометражного кино 2019,0.0,0.0,0.0,0.0,0.0,0.0,0.0,0.0,0.0
Экспедиция,nan,nan,nan,nan,nan,nan,nan,nan,46.0
Побег из Шоушенка,nan,nan,nan,nan,nan,nan,nan,nan,33.0
МУЛЬТ в кино. Выпуск № 108,nan,nan,nan,nan,nan,nan,nan,nan,nan
"Отель ""Гранд Будапешт""",nan,nan,nan,nan,nan,nan,nan,nan,61.0
Легенда о Коловрате,4.0,4.0,2.0,4.0,7.0,16.0,23.0,80.0,100.0
Кое-что на день рождения,0.0,0.0,0.0,0.0,0.0,0.0,0.0,0.0,0.0
Махнем на Луну!,0.0,0.0,0.0,0.0,0.0,0.0,0.0,0.0,0.0
Кавалерия,24.0,6.0,4.0,8.0,12.0,11.0,10.0,13.0,42.0
"Знаешь, мама, где я был?",0.0,0.0,0.0,0.0,0.0,0.0,0.0,0.0,0.0
Круги дьявола,0.0,0.0,0.0,0.0,0.0,0.0,0.0,0.0,0.0
Решение о ликвидации,53.0,100.0,46.0,28.0,24.0,16.0,28.0,13.0,57.0
Мэнди,5.0,13.0,11.0,10.0,11.0,5.0,14.0,9.0,52.0
Дикая жизнь,4.0,0.0,0.0,2.0,2.0,0.0,2.0,6.0,4.0
Догмэн,0.0,0.0,0.0,0.0,0.0,0.0,0.0,0.0,0.0
Я - миллиардер,84.0,83.0,85.0,89.0,88.0,85.0,82.0,79.0,80.0
Мертвец,nan,nan,nan,nan,nan,nan,nan,nan,25.0
Капернаум,1.0,2.0,1.0,0.0,0.0,1.0,0.0,0.0,0.0
Чужой,nan,nan,nan,nan,nan,nan,nan,nan,13.0
Норм и Несокрушимые: Ключи от королевства,0.0,0.0,0.0,0.0,0.0,0.0,0.0,0.0,0.0
Асса,nan,nan,nan,nan,nan,nan,nan,nan,40.0
Амундсен,7.0,7.0,6.0,15.0,6.0,3.0,12.0,9.0,15.0
МУЛЬТ в кино. Выпуск №96,nan,nan,nan,nan,nan,nan,nan,nan,0.0
Королева сердец,2.0,4.0,0.0,2.0,2.0,0.0,5.0,3.0,0.0
Мы всегда жили в замке,0.0,0.0,0.0,0.0,0.0,0.0,0.0,0.0,8.0
МУЛЬТ в кино. Выпуск № 99,nan,nan,nan,nan,nan,nan,nan,nan,0.0
Принцесса Мононоке,nan,nan,nan,nan,nan,nan,nan,nan,12.0
Офелия,19.0,17.0,14.0,11.0,21.0,14.0,3.0,24.0,18.0
Гив ми либерти,0.0,0.0,0.0,0.0,0.0,0.0,0.0,0.0,0.0
Мобильный воин Гандам: Нарратив,0.0,0.0,0.0,0.0,0.0,0.0,0.0,0.0,0.0
Манхэттен,nan,nan,nan,nan,nan,nan,nan,nan,35.0
Акварель,44.0,50.0,44.0,47.0,57.0,55.0,54.0,52.0,52.0
МУЛЬТ в кино. Выпуск № 107,nan,nan,nan,nan,nan,nan,nan,nan,nan
Мой любимый динозавр,0.0,0.0,0.0,0.0,0.0,0.0,0.0,0.0,0.0
Эйфория,nan,nan,nan,nan,nan,nan,nan,nan,5.0
МУЛЬТ в кино. Выпуск № 69,nan,nan,nan,nan,nan,nan,nan,nan,0.0
МУЛЬТ в кино. Выпуск № 72,nan,nan,nan,nan,nan,nan,nan,nan,nan
Большой злой лис и другие сказки,0.0,0.0,0.0,0.0,0.0,0.0,0.0,0.0,0.0
Чудеса,nan,nan,nan,nan,nan,nan,nan,nan,64.0
ЗАНОВО РОДИТЬСЯ,nan,nan,nan,nan,nan,nan,nan,nan,0.0
Горы,35.0,36.0,35.0,38.0,35.0,27.0,28.0,27.0,26.0
Зверь,42.0,74.0,71.0,71.0,63.0,74.0,67.0,79.0,66.0
Это чертово сердце,0.0,0.0,0.0,0.0,0.0,0.0,0.0,0.0,0.0
"Мектуб, моя любовь",0.0,0.0,0.0,0.0,0.0,0.0,0.0,0.0,0.0
Моё поколение (My Generation),19.0,18.0,0.0,18.0,0.0,0.0,0.0,0.0,0.0
Бельканто,10.0,5.0,17.0,15.0,17.0,12.0,15.0,15.0,17.0
На границе миров,0.0,0.0,0.0,0.0,0.0,0.0,0.0,0.0,0.0
Непотопляемые,5.0,0.0,0.0,0.0,0.0,0.0,0.0,0.0,4.0
МУЛЬТ в кино. Выпуск № 88,nan,nan,nan,nan,nan,nan,nan,nan,0.0
МУЛЬТ в кино. Выпуск № 89,nan,nan,nan,nan,nan,nan,nan,nan,0.0
Пилигрим,nan,nan,nan,nan,nan,nan,nan,nan,26.0
Навсикая из долины ветров,nan,nan,nan,nan,nan,nan,nan,nan,4.0
Малыш Кид,4.0,0.0,4.0,0.0,0.0,0.0,4.0,0.0,0.0
Весёлая ферма,18.0,17.0,12.0,23.0,6.0,29.0,6.0,18.0,6.0
Вита и Вирджиния,0.0,0.0,0.0,0.0,0.0,0.0,0.0,0.0,4.0
Венецианский детектив,0.0,0.0,0.0,0.0,0.0,0.0,0.0,0.0,0.0
Мой друг Зигмунд Фрейд,0.0,0.0,0.0,0.0,0.0,0.0,0.0,0.0,0.0
Обитель тьмы,5.0,0.0,0.0,2.0,0.0,7.0,5.0,0.0,0.0
Некромант,nan,nan,nan,nan,nan,nan,nan,nan,10.0
Добро пожаловать в Рим,0.0,0.0,0.0,0.0,0.0,0.0,0.0,0.0,0.0
Маленькие секреты большой компании,0.0,0.0,0.0,0.0,0.0,0.0,0.0,0.0,0.0
Царство,nan,nan,nan,nan,nan,nan,nan,nan,98.0
Промар,0.0,3.0,0.0,0.0,0.0,0.0,0.0,0.0,0.0
Мысленный волк,11.0,6.0,0.0,3.0,8.0,8.0,5.0,8.0,13.0
Райские холмы,0.0,0.0,0.0,2.0,0.0,0.0,0.0,2.0,0.0
Идеальный пациент,0.0,0.0,0.0,0.0,0.0,0.0,2.0,1.0,2.0
Петсон и Финдус. Маленький мучитель - большая дружба,nan,nan,nan,nan,nan,nan,nan,nan,0.0
Побег из Рио,0.0,0.0,0.0,0.0,5.0,0.0,0.0,0.0,0.0
Опасное задание,4.0,0.0,0.0,0.0,4.0,4.0,0.0,0.0,0.0
Голубая игуана,0.0,0.0,0.0,8.0,8.0,0.0,0.0,70.0,100.0
Царь-птица (Тойон кыыл),0.0,50.0,50.0,25.0,0.0,25.0,24.0,25.0,0.0
Кукловод,16.0,13.0,8.0,15.0,11.0,8.0,12.0,10.0,6.0
Чародейка,21.0,18.0,22.0,30.0,18.0,26.0,23.0,22.0,19.0
Магазинные воришки,0.0,0.0,0.0,0.0,0.0,0.0,0.0,7.0,37.0
Быть Астрид Линдгрен,0.0,0.0,0.0,0.0,5.0,0.0,0.0,0.0,0.0
Вы умрете или мы вернем вам деньги,0.0,0.0,0.0,0.0,0.0,0.0,0.0,0.0,0.0
Один король - одна Франция,0.0,0.0,0.0,0.0,0.0,0.0,0.0,0.0,7.0
Химера,23.0,32.0,37.0,32.0,39.0,63.0,28.0,32.0,28.0
МУЛЬТ в кино. Выпуск № 90,nan,nan,nan,nan,nan,nan,nan,nan,0.0
Вокс Люкс,0.0,0.0,0.0,0.0,0.0,0.0,0.0,0.0,0.0
МУЛЬТ в кино. Выпуск № 93,nan,nan,nan,nan,nan,nan,nan,nan,0.0
Микеланджело. Бесконечность,0.0,0.0,0.0,0.0,0.0,0.0,0.0,0.0,0.0
"ПАПА, СДОХНИ",0.0,0.0,0.0,0.0,0.0,0.0,68.0,100.0,32.0
Бладфест,0.0,0.0,0.0,0.0,0.0,0.0,0.0,0.0,0.0
Время монстров,2.0,0.0,2.0,2.0,0.0,0.0,4.0,0.0,0.0
SuperЗять,0.0,0.0,0.0,0.0,0.0,0.0,0.0,0.0,0.0
Дитя тьмы,23.0,13.0,18.0,9.0,12.0,9.0,16.0,43.0,27.0
Двойная жизнь,nan,nan,nan,nan,nan,nan,nan,nan,0.0
Мышеловка. 4Х4,0.0,0.0,0.0,0.0,0.0,0.0,0.0,0.0,0.0
"Вудсток: Три дня, изменившие поколение",0.0,53.0,0.0,0.0,0.0,0.0,27.0,0.0,0.0
Свет моей жизни,18.0,11.0,8.0,38.0,20.0,7.0,7.0,5.0,5.0
Клуб любителей книг и пирогов из картофельных очистков,0.0,0.0,0.0,0.0,0.0,6.0,0.0,6.0,0.0
"Проклятие ""Мэри""",0.0,0.0,0.0,0.0,0.0,0.0,4.0,0.0,8.0
Маленькие чудовища,0.0,0.0,4.0,0.0,0.0,0.0,3.0,0.0,0.0
Иные,3.0,6.0,2.0,4.0,4.0,3.0,5.0,4.0,8.0
Ленин Неизбежность,nan,nan,nan,nan,nan,nan,nan,nan,0.0
МУЛЬТ в кино. Выпуск № 106,nan,nan,nan,nan,nan,nan,nan,nan,nan
Молодая женщина,26.0,13.0,26.0,9.0,17.0,17.0,9.0,9.0,5.0
Последний портрет,0.0,0.0,0.0,0.0,0.0,0.0,0.0,0.0,0.0
Тор: Рагнарёк,4.0,3.0,5.0,5.0,6.0,6.0,9.0,12.0,15.0
Мои белые ночи,nan,nan,nan,nan,nan,nan,nan,nan,0.0
Ева,73.0,67.0,68.0,63.0,67.0,67.0,77.0,73.0,70.0
"Вествуд: панк, икона, активист",0.0,0.0,26.0,0.0,0.0,0.0,0.0,0.0,0.0
Миссис Хайд,0.0,0.0,0.0,0.0,0.0,0.0,0.0,0.0,0.0
Реальные упыри,nan,nan,nan,nan,nan,nan,nan,nan,75.0
Невероятные приключения Факира,0.0,0.0,0.0,9.0,17.0,8.0,8.0,0.0,8.0
Большая афера в маленьком городе,0.0,0.0,0.0,0.0,0.0,0.0,0.0,0.0,0.0
Голодные Z,nan,nan,nan,nan,nan,nan,nan,nan,0.0
Шоу Мистико,nan,nan,nan,nan,nan,nan,nan,nan,0.0
Панды,37.0,53.0,45.0,52.0,37.0,44.0,49.0,33.0,40.0
Школа,nan,nan,nan,nan,nan,nan,nan,nan,45.0
МакКуин,56.0,42.0,39.0,47.0,40.0,42.0,46.0,32.0,51.0
Песнь моря,nan,nan,nan,nan,nan,nan,nan,nan,47.0
Черная полоса,19.0,22.0,8.0,19.0,32.0,19.0,25.0,33.0,14.0
Приключения Аладдина,2.0,3.0,6.0,1.0,1.0,2.0,1.0,0.0,1.0
Святая Агата,0.0,0.0,0.0,0.0,0.0,0.0,0.0,5.0,0.0
Бэйбэрикээн,nan,nan,nan,nan,nan,nan,nan,nan,0.0
Сирано. Успеть до премьеры,0.0,0.0,0.0,0.0,0.0,0.0,0.0,0.0,0.0
Нежная рука закона,0.0,0.0,0.0,0.0,0.0,0.0,0.0,0.0,0.0
Italian Best Shorts 3: Итальянские фантазии (Лучшие итальянские короткометражки 3: Итальянские фантазии),nan,nan,nan,nan,nan,nan,nan,nan,0.0
Бегство рогатых викингов или пять дней из джизни Джонни Воробьёва,nan,nan,nan,nan,nan,nan,nan,nan,0.0
Охотник на оленей,nan,nan,nan,nan,nan,nan,nan,nan,12.0
Божественная любовь,0.0,0.0,5.0,0.0,0.0,5.0,0.0,0.0,0.0
Работа без авторства,0.0,0.0,0.0,0.0,0.0,0.0,0.0,3.0,0.0
Зеровилль,0.0,6.0,8.0,0.0,0.0,3.0,10.0,5.0,100.0
Дикая Лига (авторская версия),nan,nan,nan,nan,nan,nan,nan,nan,0.0
Невиновен,nan,nan,nan,nan,nan,nan,nan,nan,0.0
Предатель,31.0,64.0,38.0,27.0,33.0,36.0,29.0,44.0,23.0
Рожденный после смерти,0.0,0.0,0.0,0.0,0.0,0.0,0.0,0.0,0.0
Одной волшебной ночью,0.0,0.0,0.0,0.0,0.0,0.0,0.0,0.0,0.0